{"t_onboarding": 0.12473487854003906, "t_instantiation": 3.8062968254089355}