{"t_onboarding": 0.11978507041931152, "t_instantiation": 3.675999164581299}