{"t_onboarding": 0.11855244636535645, "t_instantiation": 3.8434600830078125}