{"t_onboarding": 0.12036895751953125, "t_instantiation": 3.952061176300049}