{"t_onboarding": 0.11735415458679199, "t_instantiation": 3.6626927852630615}