{"t_onboarding": 0.17699623107910156, "t_instantiation": 3.816960334777832}