{"t_onboarding": 0.12570905685424805, "t_instantiation": 3.798206329345703}