{"t_onboarding": 0.12051057815551758, "t_instantiation": 3.844780921936035}