{"t_onboarding": 0.1239323616027832, "t_instantiation": 3.7559571266174316}