{"t_onboarding": 0.12493515014648438, "t_instantiation": 3.7732927799224854}