{"t_onboarding": 0.11845946311950684, "t_instantiation": 3.7214343547821045}