{"t_onboarding": 0.12126374244689941, "t_instantiation": 3.734680652618408}