{"t_onboarding": 0.13114118576049805, "t_instantiation": 3.8328821659088135}