{"t_onboarding": 0.12227559089660645, "t_instantiation": 3.7613866329193115}