{"t_onboarding": 0.11843562126159668, "t_instantiation": 3.7560317516326904}