{"t_onboarding": 12.34050464630127, "t_instantiation": 5.210801124572754}