{"t_onboarding": 0.12227821350097656, "t_instantiation": 3.989454746246338}