{"t_onboarding": 0.12252330780029297, "t_instantiation": 3.744769811630249}