{"t_onboarding": 0.11864829063415527, "t_instantiation": 3.7218713760375977}