{"t_onboarding": 0.11251306533813477, "t_instantiation": 3.7405951023101807}