{"t_onboarding": 0.12101507186889648, "t_instantiation": 3.761314868927002}