{"t_onboarding": 0.11773133277893066, "t_instantiation": 3.7833011150360107}