{"t_onboarding": 0.11470365524291992, "t_instantiation": 3.812159776687622}