{"t_onboarding": 0.1328437328338623, "t_instantiation": 3.959799289703369}