{"t_onboarding": 0.12614965438842773, "t_instantiation": 3.796851634979248}