{"t_onboarding": 0.12822318077087402, "t_instantiation": 3.809063196182251}