{"t_onboarding": 0.1300194263458252, "t_instantiation": 3.7483980655670166}