{"t_onboarding": 0.12143063545227051, "t_instantiation": 3.9259440898895264}