{"t_onboarding": 0.16716265678405762, "t_instantiation": 3.794475555419922}