{"t_onboarding": 0.11691784858703613, "t_instantiation": 3.797686815261841}