{"t_onboarding": 0.12830877304077148, "t_instantiation": 3.745805025100708}