{"t_onboarding": 0.11348271369934082, "t_instantiation": 4.099425792694092}