{"t_onboarding": 0.1166841983795166, "t_instantiation": 3.8264355659484863}