{"t_onboarding": 0.11787748336791992, "t_instantiation": 3.808708667755127}