{"t_onboarding": 0.1144869327545166, "t_instantiation": 3.7514519691467285}