{"t_onboarding": 0.1218574047088623, "t_instantiation": 3.7504470348358154}