{"t_onboarding": 0.12164521217346191, "t_instantiation": 3.8479716777801514}