{"t_onboarding": 0.11657524108886719, "t_instantiation": 3.8549418449401855}