{"t_onboarding": 0.12583470344543457, "t_instantiation": 3.715301990509033}