{"t_onboarding": 0.12605857849121094, "t_instantiation": 3.837533712387085}