{"t_onboarding": 0.11799454689025879, "t_instantiation": 3.849421739578247}